model_name,validation_accuracy,validation_macro_f1,test_accuracy,test_macro_f1,test_weighted_f1
TF-IDF + Logistic Regression,0.8653846153846154,0.852212470005158,0.8397435897435898,0.8279438868869763,0.8279438868869763
microsoft/codebert-base,1.0,1.0,0.9935897435897436,0.9935886897912214,0.9935886897912215
